url,评论数
https://m.weibo.cn/detail/4491460986062187,24
https://m.weibo.cn/detail/4491205234623392,9
https://m.weibo.cn/detail/4491198573699324,6
https://m.weibo.cn/detail/4490909192188827,0
https://m.weibo.cn/detail/4490688706441470,14
https://m.weibo.cn/detail/4490374037195244,15
https://m.weibo.cn/detail/4490296623069245,0
https://m.weibo.cn/detail/4490085024134187,1
https://m.weibo.cn/detail/4489768794604292,0
https://m.weibo.cn/detail/4489716705653298,4
https://m.weibo.cn/detail/4489360408169206,19
